userid;follower_id;freshness_relation
1;2;0.936221866133,0.810715994707,0.243327526537,0.160489253101
2;1;0.786514521563,0.174308391929,0.117347031972,0.10377513839
